Name,Surname,Email,Id
Diana,Riley,Cras.eget@imperdietnonvestibulum.edu,1608082778599
Darryl,Clay,in.lobortis.tellus@liberoest.org,1661020457599
Cara,Ross,est@Pellentesquetincidunttempus.co.uk,1656122212199
Merrill,Moreno,nisl.Maecenas@nec.co.uk,1684090646599
Maris,Knox,Ut.sagittis.lobortis@nunc.org,1627100903099
Indira,David,netus.et.malesuada@risus.edu,1673042383499
Ali,Simpson,iaculis@nonummy.co.uk,1649071286599
Cheyenne,Jensen,sagittis.Duis.gravida@Aliquam.ca,1605060358899
Ahmed,Harper,dui.Cum@sodalesatvelit.edu,1665040683499
Fleur,Brady,Aliquam@molestietellusAenean.co.uk,1667080166599
Maggy,Joyce,Fusce@sitamet.ca,1609102120399
Aspen,Allen,malesuada.ut.sem@sit.net,1600021269999
Emily,Kirkland,magna.Lorem.ipsum@Aliquamfringillacursus.com,1609011449599
Halee,Bentley,Sed.dictum.Proin@musAeneaneget.co.uk,1631082719399
Vernon,Montgomery,scelerisque@massa.com,1637011594699
Xaviera,Romero,est.ac@indolor.com,1613071819399
Rinah,Lyons,Nunc.pulvinar@semNullainterdum.co.uk,1681070282599
Elvis,Estrada,sodales.nisi@Proineget.co.uk,1670050696899
Lamar,Merritt,est.Nunc@anequeNullam.ca,1610100518899
Ralph,Dale,fermentum.convallis.ligula@aodio.ca,1648091431299
Natalie,Floyd,mauris.ut@tempus.com,1667071615199
Shelley,Mcneil,non@necleo.com,1625090689799
Brielle,Goff,nisi@dictumProin.net,1627100988099
Nevada,Farmer,at.velit.Cras@Aliquamfringilla.co.uk,1607050293099
Nehru,Rush,quam@egetipsumSuspendisse.com,1695082124999
Dominique,Zimmerman,cursus.et.magna@tincidunt.ca,1612021582999
Graham,Parks,est@loremsitamet.co.uk,1687081045199
Hammett,Church,orci.Donec.nibh@placerataugueSed.edu,1613121607999
Hall,Holland,et.rutrum.non@neque.com,1606030932599
Nomlanga,Conner,aliquam@vitaepurus.edu,1629062285999
Jeanette,Watkins,ac@rutrumjusto.org,1667090624999
Blake,Wooten,Suspendisse.eleifend.Cras@urnasuscipit.ca,1648082174599
Thaddeus,Ward,metus.eu.erat@viverraMaecenasiaculis.edu,1648122131199
Preston,Ayers,arcu@estvitaesodales.ca,1674021425999
Maya,Pittman,Suspendisse.aliquet@at.com,1651010273099
Daniel,Farrell,aliquam@semper.net,1699052498699
Keegan,Day,velit.eget.laoreet@eterosProin.edu,1650050284499
Callie,Nicholson,Proin.mi@ultricesmauris.org,1685081799699
Conan,Atkinson,In.mi@faucibusid.co.uk,1609091037399
Burke,Morgan,Mauris.molestie@magnaa.ca,1642050504499
Veronica,Wolf,lobortis.Class@augueeutempor.ca,1657061641399
Allistair,Allen,interdum.Sed.auctor@mattis.com,1624121608499
Cain,Fry,vestibulum.nec@lobortismauris.edu,1666093053699
Dacey,Austin,auctor.ullamcorper.nisl@necurna.net,1608032373399
Dillon,Sandoval,fermentum.metus.Aenean@lectusNullam.ca,1630072403199
Kevin,Quinn,Phasellus@Nulla.org,1669111052799
Gretchen,Melton,accumsan@quistristique.co.uk,1626091799799
Nell,Mack,vel.arcu@eratvitae.ca,1652032105699
Reuben,Rivers,nonummy.ipsum@at.org,1646041572499
Karina,Townsend,Donec@leo.net,1682120593499
Prescott,Delaney,est.congue.a@eutemporerat.net,1633022106799
Wayne,Gallagher,sodales@ipsumcursusvestibulum.edu,1628110568899
Bruce,Strong,ut.pellentesque.eget@Aliquamauctor.ca,1683072916399
Griffith,Case,Donec@tempordiamdictum.com,1646071325799
Seth,Bradshaw,eget.volutpat@semsempererat.net,1664021090899
Bradley,Kidd,tincidunt@interdumlibero.co.uk,1619071427899
Magee,Solis,eget@velitQuisquevarius.co.uk,1649112681499
Dante,Bradshaw,euismod@elementum.net,1664040561999
Kameko,Lawson,ante@lorem.ca,1616021495399
Mira,Parker,nibh@Nuncacsem.edu,1620061410699
Bruno,Ramos,iaculis.lacus.pede@ipsumnuncid.edu,1688021433099
Ryder,Rocha,egestas@vestibulummassarutrum.net,1619072049799
Vernon,Ford,nec.malesuada.ut@ipsum.com,1678012839499
Oliver,Marquez,felis.adipiscing@in.edu,1641031671799
Armand,Garner,posuere.cubilia.Curae@Inmipede.net,1634050292099
Lesley,Schroeder,Aliquam@Duisdignissim.org,1641111276499
Thor,Bonner,vulputate.risus.a@Maurismolestiepharetra.edu,1694092144499
Reese,Lowery,nisl.elementum.purus@nibh.com,1615030477199
Otto,Cervantes,sit.amet@Donec.co.uk,1624022727599
Merritt,Mercer,lorem.vehicula.et@facilisisSuspendissecommodo.org,1627053075099
Axel,Mcintosh,lectus.Nullam@diamatpretium.edu,1642112966599
Dolan,Osborne,justo@penatibuset.edu,1696061358799
Karleigh,Chan,mauris.blandit@purusgravida.com,1661091358899
Travis,Durham,molestie@dictumProin.org,1636030857699
Allistair,Hoover,in.tempus@eleifend.org,1686090285199
Alisa,Holman,sem.magna@suscipit.co.uk,1679010157199
Garrison,Hammond,Quisque@semperpretiumneque.edu,1676032069099
Gail,Bowen,Sed.et.libero@nonummy.edu,1688070644799
Minerva,Butler,egestas@luctus.co.uk,1692070551399
Howard,Wynn,orci.sem@sodales.net,1692102966299
Unity,Rivers,Curabitur.massa@Quisqueporttitoreros.edu,1657121230999
Samson,Vasquez,accumsan.sed@Phasellusliberomauris.net,1610092624099
Irma,Summers,mi@dictumeu.edu,1647100965799
Xena,Lloyd,senectus@metus.com,1698091816399
Rinah,Jacobson,dictum.cursus.Nunc@interdumCurabitur.net,1652012337199
Cairo,Campos,Maecenas.iaculis@lectus.org,1648092610699
Bertha,Baird,ullamcorper@nec.co.uk,1628091857699
Kenyon,Stein,diam@Integer.net,1699082217899
Noah,Kaufman,placerat.Cras.dictum@necmollisvitae.net,1677112856399
Flynn,Rodgers,Duis.cursus.diam@MaurismagnaDuis.ca,1661092149599
Rae,Ortega,Donec@eratnonummy.com,1640092271999
Indigo,Erickson,tempor.lorem@turpisvitaepurus.edu,1668071915299
Regina,Kramer,feugiat.tellus@metusAenean.ca,1660100468199
Lionel,Levy,dictum.Proin@cubiliaCurae.ca,1674101371599
Raven,Bonner,odio.Etiam.ligula@at.co.uk,1655120604399
Roth,Moss,mi@augue.org,1604021452299
Cedric,Espinoza,Nunc.mauris@dignissimtempor.net,1655060988399
Aimee,Sims,pharetra.Nam.ac@fringilla.ca,1635010844099
Kiona,Norris,ante@hendreritconsectetuercursus.net,1609053016399
Ruth,Snider,varius.et.euismod@loremtristique.edu,1620030540399